id,match_won,opp_win_percentage,toss_won,home,match_type,fifty_plus_t1,fifty_plus_partnerships_t1,fours_t1,sixes_t1,extras_t1,pp_wickets_t1,wickets_t1,balls_first_50_t1,dots_t1,run_rate_t1,highest_ind_t1,highest_ind_sr_t1,X2nd_highest_score_t1,highest_wickets_t1,worst_bowler_runs_t1,spinners_t1,pacers_t1,fifty_plus_t2,fifty_plus_partnerships_t2,fours_t2,sixes_t2,extras_t2,pp_wickets_t2,wickets_t2,balls_first_50_t2,dots_t2,run_rate_t2,highest_ind_t2,highest_ind_sr_t2,X2nd_highest_score_t2,highest_wickets_t2,worst_bowler_runs_t2,spinners_t2,pacers_t2
335986,0,1,1,0,0,0,0,6,6,10,2,10,56,62,5.89,32,82.05,23,2,20,1,5,0,0,5,4,28,3,5,68,61,5.89,38,88.37,14,3,35,3,3
335987,0,0,1,0,1,1,1,18,7,4,1,8,34,54,8.3,57,167.64,26,1,38,1,5,1,2,17,7,12,3,4,31,47,9.24,76,155.1,36,3,39,3,4
335988,0,1,1,1,1,1,0,12,6,5,2,8,65,56,7.1,66,183.33,14,1,35,2,3,1,1,15,6,12,1,1,37,26,11,94,229.26,25,2,36,0,5
335989,1,0,0,1,1,2,2,24,6,18,2,5,33,37,10.4,81,176.08,53,2,57,1,4,0,1,19,8,13,2,7,30,38,10.1,45,225,43,2,36,2,6
335997,0,0,1,1,1,0,0,15,3,13,3,8,49,53,6.85,40,181.81,29,1,33,2,5,1,1,17,2,15,3,3,49,52,7.39,64,120.75,37,3,41,1,5
336001,0,0.75,1,1,1,1,1,17,5,7,1,6,40,44,8.45,54,145.94,32,1,40,1,4,2,1,16,5,6,0,2,29,36,9.05,71,173.17,50,1,40,2,5
336005,0,0.8,1,0,1,0,0,12,1,7,3,10,53,61,5.73,42,127.27,27,1,25,3,3,0,1,10,2,21,0,2,39,39,7.67,35,79.54,32,6,29,2,4
336010,1,0.2857,1,1,1,0,0,12,5,5,2,7,49,40,8.06,26,216.66,20,1,30,1,5,1,0,15,2,6,2,4,54,36,7.75,50,125,30,3,36,1,4
336013,1,0.7143,0,1,1,2,1,14,7,15,2,4,32,40,9.05,64,136.17,60,5,38,1,5,1,1,8,10,3,2,9,45,46,8.15,58,152.63,40,2,36,2,4
336014,1,0.25,1,0,0,2,2,22,8,5,1,4,44,42,10.2,91,159.64,57,3,43,1,5,1,0,16,8,16,3,7,33,48,9.05,71,169.04,33,1,59,2,5
336015,0,0.75,0,0,1,0,1,10,5,11,1,7,38,41,7.8,39,243.75,31,2,35,2,4,1,1,13,6,17,2,7,49,47,8.29,74,185,24,2,47,1,4
336017,1,0.5,1,1,1,0,0,10,3,11,1,6,44,43,6.65,48,109.09,31,4,29,1,5,0,0,13,0,8,4,10,48,46,6.16,31,96.87,25,2,34,2,4
336025,0,0.6,1,1,0,1,1,15,3,13,2,5,52,45,7.45,73,135.18,27,0,16,0,4,0,1,8,0,4,0,0,44,21,6.87,32,160,19,4,41,1,4
336024,1,0.2,0,0,1,0,1,17,6,20,1,7,34,43,8.9,38,158.33,36,3,38,1,6,1,1,13,6,8,3,7,50,47,7.65,57,150,37,3,37,3,3
336032,0,0.5,0,0,1,1,1,18,7,9,0,8,33,45,8.8,66,157.14,46,2,35,1,5,1,0,20,6,3,2,5,28,39,9.02,56,175,36,4,50,1,4
336002,0,0.25,1,1,0,0,1,15,7,13,0,10,40,51,8.25,47,138.23,46,1,36,3,4,0,0,19,7,3,1,5,46,38,9,34,121.42,31,3,39,1,5
336035,0,0.4167,1,0,1,1,1,17,5,11,1,6,37,42,8.7,64,142.22,40,2,36,2,4,1,0,17,9,9,2,7,36,50,8.89,86,162.26,24,4,49,2,4
336019,1,0.8462,0,1,1,2,2,20,14,5,0,3,34,41,11.05,115,166.66,51,3,44,3,4,1,0,18,8,4,2,7,49,43,9,57,146.15,39,1,48,2,4
336038,1,0.5385,0,2,1,1,2,19,10,4,0,9,33,46,9.6,52,179.31,45,3,21,2,4,0,0,9,1,7,3,10,56,49,5.38,33,150,11,3,50,1,4
392183,0,0.5,0,2,0,0,1,5,7,8,1,7,27,28,8.66,38,180.95,22,0,19,1,4,0,1,6,3,5,0,0,27,9,12,38,237.5,15,3,25,1,4
392185,1,0.3333,1,2,0,1,1,15,6,13,0,5,29,34,8.95,65,185.71,30,3,24,1,5,0,0,9,1,5,2,10,46,48,5.67,24,126.31,20,2,37,3,5
392186,0,0.4286,0,2,0,0,1,15,4,12,1,6,45,46,7.9,38,135.71,32,1,27,1,4,0,1,3,6,4,1,1,31,26,8.46,44,169.23,21,2,34,2,5
392188,1,0.3125,1,2,0,2,1,9,12,9,1,6,32,39,9.2,71,157.77,52,3,44,1,4,1,1,17,4,7,1,8,53,48,8,50,156.25,48,2,39,2,4
392194,0,0.5625,1,2,0,0,2,8,5,11,1,7,45,45,7.45,37,148,36,2,37,2,4,1,0,10,4,4,2,4,41,35,7.75,67,142.55,23,2,35,2,3
392198,0,0.7368,1,2,0,1,1,14,3,5,3,7,45,44,7.15,50,125,29,3,34,3,3,1,1,11,7,9,2,5,50,47,7.94,62,206.66,44,2,35,3,3
392199,0,0.2632,1,2,0,0,0,12,2,9,1,6,44,43,6.95,43,122.85,40,3,31,3,3,0,1,12,3,9,0,5,43,43,7.21,43,93.47,25,2,30,4,2
392205,0,0.7143,1,2,0,0,1,11,5,7,2,5,53,51,7.05,41,136.66,39,2,27,3,4,0,1,12,5,7,3,7,52,49,7.22,39,121.87,36,2,29,4,3
392206,1,0.5789,0,2,0,0,1,15,5,9,2,10,36,44,8.15,45,132.35,32,4,32,3,4,2,1,15,4,3,2,8,37,52,7.25,52,167.74,51,3,41,2,4
392210,1,0.6364,0,2,0,2,1,25,8,4,0,4,35,40,10.55,77,175,68,3,38,3,3,0,0,11,4,19,3,8,56,59,6.65,48,129.72,19,2,44,4,3
392214,1,0.6087,1,2,0,2,2,19,9,6,0,3,32,37,10.27,89,153.44,56,1,41,3,4,2,2,12,8,6,1,3,33,26,9.66,58,161.11,50,1,38,2,4
392215,0,0.5714,1,2,0,0,1,7,3,13,3,10,70,56,5.8,35,116.66,18,1,30,3,4,1,1,11,2,6,0,3,57,48,6.26,50,131.57,21,3,33,1,4
392222,0,0.4783,1,2,0,0,0,10,3,18,3,9,32,64,5.95,43,186.95,20,1,32,3,3,1,1,12,4,6,2,2,46,47,7.46,70,118.64,41,2,32,3,5
392223,1,0.3333,0,2,0,0,1,16,6,12,1,7,35,45,8.65,44,122.22,44,4,47,2,4,1,1,13,7,8,2,10,35,44,8.18,64,193.93,41,2,52,1,5
392224,0,0.36,1,2,0,1,0,12,3,4,2,10,36,48,6.55,60,157.89,18,2,32,2,4,0,1,11,4,8,3,8,52,51,6.71,46,92,38,2,35,2,4
392228,0,0.32,0,2,0,0,1,11,6,7,1,5,60,45,8,48,117.07,43,1,58,3,3,0,1,14,6,7,0,4,34,43,8.3,43,138.7,32,2,40,2,4
392233,0,0.32,0,2,0,0,0,7,3,5,4,9,46,65,5.05,22,183.33,18,2,24,3,3,0,1,9,2,5,3,6,74,62,5.23,48,104.34,13,3,22,1,5
392235,0,0.5926,0,2,0,1,1,18,2,24,3,8,45,45,8.25,56,136.58,46,4,38,3,4,1,1,17,6,9,1,6,32,36,9.48,50,185.18,47,3,42,1,4
392236,1,0.3333,1,2,0,1,1,13,7,2,1,4,47,45,8.5,114,156.16,23,2,45,2,4,1,1,10,5,13,0,6,33,37,7.9,60,139.53,18,2,47,2,3
392237,0,0.3214,0,2,0,1,1,13,4,10,2,8,38,46,7.65,65,127.45,39,3,38,3,3,1,1,15,6,6,1,4,23,41,8.71,85,242.85,24,3,33,2,4
392238,0,0.4286,0,2,0,0,1,11,4,6,0,5,32,40,7.3,36,133.33,28,1,29,3,4,0,1,16,4,5,2,4,31,46,7.91,48,137.14,44,2,38,2,3
392239,1,0.4483,0,2,0,1,1,9,4,8,2,6,44,47,7.15,53,110.41,33,3,34,2,3,0,0,10,5,10,1,9,47,53,6.85,32,152.38,27,4,43,2,3
419108,0,0.5862,0,1,1,1,1,14,2,13,3,9,44,52,7.1,56,116.66,21,2,33,3,3,1,1,16,1,7,2,5,49,44,7.36,72,133.33,31,2,37,2,4
419114,1,0.6129,0,0,1,2,1,19,9,17,1,7,27,30,10.9,63,196.87,61,2,24,2,4,0,0,14,2,11,1,9,31,42,7.27,28,155.55,26,2,50,2,3
419115,0,0.4375,0,0,1,0,0,5,2,7,1,10,67,64,4.63,26,108.33,19,0,34,1,3,0,1,14,1,7,0,0,30,27,8.71,44,129.41,42,3,25,1,4
419118,1,0.3793,1,1,0,0,0,20,2,8,1,7,35,34,8.4,45,125,37,2,29,3,3,0,1,12,2,5,1,5,48,42,6.7,36,105.88,33,2,33,2,4
419122,0,0.4667,1,0,1,1,2,15,2,15,0,3,43,38,7.75,75,125,31,2,44,2,3,1,2,21,1,4,0,3,26,37,8.43,71,147.91,30,2,38,1,4
419123,1,0.5588,0,1,1,1,1,14,8,14,1,5,42,46,8.55,68,178.94,24,4,40,1,4,0,1,14,3,11,1,7,51,54,6.75,32,114.28,31,3,49,2,3
419128,1,0.4857,0,0,0,1,0,15,5,8,2,4,25,31,9.15,50,172.41,45,2,42,1,4,0,1,15,3,16,0,9,38,31,8.3,39,134.48,38,1,45,1,4
419126,0,0.6176,1,0,1,0,0,8,6,11,2,9,32,40,7.4,49,140,25,1,40,3,3,1,2,11,9,11,0,2,30,35,9.63,73,214.7,45,3,35,4,3
419127,1,0.5294,1,0,1,2,1,20,3,18,2,5,35,40,9.15,75,159.57,50,2,32,3,4,0,0,13,3,6,2,6,42,45,7.2,30,111.11,24,2,42,1,5
419130,1,0.4,0,0,1,1,1,24,3,10,1,7,36,50,8.6,55,127.9,49,3,31,1,5,0,0,9,6,11,4,10,35,47,7.41,45,160.71,27,3,40,2,4
419131,1,0.375,1,1,1,2,1,15,7,4,3,4,28,34,8.85,107,155.07,53,2,37,1,5,0,0,11,3,11,3,9,47,44,6.85,30,142.85,29,2,38,3,4
419132,0,0.5152,0,0,1,1,0,14,1,21,2,10,38,37,8.15,57,121.27,22,3,32,2,5,1,0,14,4,17,1,6,39,40,8.41,50,125,31,4,34,1,5
419134,1,0.6389,1,1,1,1,1,17,6,13,3,6,33,33,9.4,69,181.57,43,3,37,3,4,0,0,9,6,3,4,10,42,52,6.84,27,192.85,24,3,49,3,3
419138,1,0.3784,1,1,1,1,3,16,5,7,0,5,35,35,8.9,55,189.65,44,2,28,1,5,0,0,8,1,7,2,10,45,43,6.27,21,116.66,19,3,40,3,2
419140,1,0.4737,1,1,1,1,1,14,11,8,2,5,32,45,9.2,75,163.04,35,3,40,2,3,1,0,9,6,2,1,9,53,40,7.35,54,128.57,22,1,39,4,3
419142,1,0.5429,1,1,1,0,1,14,2,18,1,4,41,35,8.25,35,112.9,31,2,39,3,3,0,0,11,3,14,0,9,43,47,7.05,45,128.57,33,2,36,1,6
419143,0,0.6154,1,0,0,0,1,13,4,9,1,6,34,39,7.65,44,133.33,28,1,40,3,4,1,1,20,5,9,0,1,23,30,10.46,83,193.02,44,2,42,2,4
419145,0,0.359,0,1,1,2,1,15,8,15,1,6,40,46,9.2,68,154.54,58,1,39,1,4,2,2,17,8,8,1,3,47,34,9.62,78,136.84,53,2,38,1,4
419150,1,0.625,0,0,1,1,2,20,3,12,3,5,38,38,8.7,89,150.84,31,2,40,2,4,0,1,7,5,8,3,8,53,46,6.85,30,166.66,28,3,37,3,3
419151,1,0.4634,0,1,1,1,1,11,5,9,3,6,50,46,7.55,51,110.86,41,2,34,1,3,0,1,9,3,13,0,10,44,44,7.01,49,140,34,3,40,2,4
419154,0,0.4524,1,1,1,0,1,14,1,8,3,6,56,56,6.5,32,160,28,2,32,2,3,1,1,18,4,1,2,5,33,43,8.42,62,213.79,26,2,36,1,4
419159,0,0.5349,0,1,0,1,2,19,8,5,1,3,37,36,9.6,88,154.38,44,2,44,3,3,2,2,22,7,10,2,4,37,36,9.91,54,186.2,53,1,48,3,4
419161,0,0.3846,1,0,1,0,1,12,2,6,2,8,44,44,6.65,46,124.32,27,1,27,2,5,1,1,13,3,16,0,1,39,42,7.71,57,101.78,42,2,27,3,4
419163,1,0.4318,1,2,1,0,1,11,4,16,3,7,48,44,7.1,37,90.24,30,4,44,4,2,0,0,9,2,8,2,10,69,64,5.37,23,104.54,18,3,33,1,3
501198,1,0.4,1,1,1,1,1,14,4,3,1,4,39,35,7.65,64,116.36,33,1,33,4,2,1,1,14,3,8,0,7,33,40,7.55,54,128.57,27,2,34,3,3
501200,0,0.4565,1,1,1,0,1,13,5,11,0,5,33,39,8.05,45,140.62,36,1,29,2,4,1,1,12,7,13,2,4,37,41,8.67,54,135,33,1,31,2,5
501202,0,0.5,1,0,1,1,0,12,1,10,5,8,66,64,5.6,51,118.6,15,1,28,1,4,0,1,14,4,4,0,3,40,36,8.58,35,109.37,31,3,27,3,4
501203,1,0.4043,1,1,1,1,1,20,3,10,0,4,47,45,8.15,53,117.77,30,3,36,2,4,0,0,13,5,9,2,8,49,40,7.7,48,120,25,2,33,4,3
501207,0,1,1,0,1,0,1,12,5,11,3,8,49,53,7.4,47,142.42,39,2,42,3,3,0,0,12,5,11,1,6,41,45,8.01,37,176.19,31,3,35,3,4
501208,1,0.4583,0,1,1,1,2,17,6,7,1,5,42,39,8.75,61,174.28,38,3,41,1,4,1,1,12,3,8,3,9,57,49,7.1,71,139.21,25,3,34,3,3
501210,0,0,0,1,1,2,2,16,7,17,0,2,43,38,9.1,100,151.51,53,2,43,2,4,2,1,23,4,11,0,2,36,38,9.68,81,135,56,1,48,2,4
501216,1,0.5435,1,0,0,1,1,20,3,5,1,4,42,37,8.4,62,151.21,49,2,38,3,3,1,1,12,5,13,3,7,45,47,7.6,51,106.25,23,1,36,2,4
501226,1,0.5,0,1,1,1,2,10,4,4,0,6,43,44,7.1,61,127.08,31,3,29,4,2,0,0,6,2,7,4,9,51,50,5.85,34,79.06,20,3,30,4,2
501227,0,0.451,0,1,1,1,0,13,5,13,1,6,44,43,8,54,125.58,25,3,37,1,5,1,1,17,5,18,1,7,26,44,8.25,56,147.36,26,2,37,3,3
501229,1,0.5,0,0,1,1,1,13,1,7,3,7,69,52,6.45,65,138.29,31,5,19,1,4,0,0,9,0,7,6,10,68,58,4.48,23,65.71,22,3,30,1,5
501233,1,0.4286,1,0,0,1,1,12,7,16,2,7,64,53,7.85,80,170.21,22,3,28,1,4,0,0,9,3,8,3,10,57,46,6.31,31,140.9,27,2,41,2,4
501235,0,0.58,0,0,0,0,0,15,2,5,1,7,37,44,7.15,35,166.66,30,3,41,4,2,0,1,9,6,11,1,4,53,45,7.38,47,134.28,29,2,31,3,3
501247,0,0.4815,1,0,0,0,0,12,0,10,1,9,37,51,6.25,24,96,23,1,44,2,3,1,2,14,6,5,1,1,15,33,9.72,52,167.74,44,2,26,3,3
501249,1,0.5769,0,0,1,1,2,19,6,8,0,3,32,32,9.8,53,132.5,46,3,36,3,3,1,0,11,1,5,2,10,39,44,6.82,52,144.44,20,1,47,3,3
501251,1,0.5849,0,1,1,0,1,15,3,22,1,8,41,44,8.15,43,126.47,31,4,22,2,3,0,0,10,2,5,3,10,50,38,6.77,17,154.54,15,5,25,3,4
501260,1,0.5088,1,1,1,2,1,17,15,27,1,2,45,39,11.6,106,192.72,79,4,30,1,4,0,0,12,4,9,3,10,45,51,7.11,34,125.92,15,2,50,1,5
501261,1,0.4615,1,1,1,0,0,10,6,4,2,5,47,38,7.6,46,139.39,32,1,38,3,2,1,0,10,3,9,1,5,49,40,7.05,51,121.42,33,2,34,3,3
501266,0,0.5,0,0,0,1,0,7,7,10,4,8,73,61,6.4,70,175,22,1,38,2,3,1,1,10,6,10,1,2,44,48,7.16,75,150,31,2,35,2,4
501267,0,0.5536,0,1,1,1,1,16,7,6,2,7,40,35,8.75,59,140.47,36,3,51,3,3,0,1,20,3,16,1,5,35,37,8.9,45,195.65,38,2,35,2,4
548308,1,0.5667,0,0,0,0,0,11,1,8,3,9,57,45,6.45,39,121.87,36,4,21,3,3,0,0,8,1,5,3,9,62,61,5.05,32,76.19,32,2,31,2,4
548309,1,0.4912,0,1,1,1,2,23,3,19,0,4,32,35,9.55,98,148.48,28,4,36,3,3,0,0,14,4,6,2,9,41,36,8,34,136,27,2,42,2,4
548310,1,0.5088,0,1,0,1,1,14,5,6,2,8,41,42,7.85,64,152.38,30,3,36,2,4,0,0,13,2,4,1,7,40,45,6.85,33,126.92,25,3,47,2,4
548311,1,0.4167,0,0,1,0,0,10,12,11,2,6,40,38,9.65,48,165.51,43,5,20,5,3,0,0,11,4,4,1,10,44,43,6.93,23,143.75,21,2,54,1,5
548319,0,0.4746,0,0,1,0,0,10,2,12,3,10,49,54,6.05,31,110.71,17,1,27,2,4,1,1,14,1,0,0,3,47,48,6.56,64,118.51,21,5,25,1,4
548320,0,0.431,1,0,1,0,1,13,2,10,0,5,51,52,6.55,31,93.93,28,1,32,4,2,0,0,11,3,12,1,5,48,46,7.08,31,81.57,29,3,27,3,3
548334,0,0.4762,1,1,0,1,2,16,4,6,0,6,48,38,8.15,79,154.9,35,2,41,2,4,1,1,15,4,6,0,4,40,35,8.41,68,170,30,2,39,3,3
548335,0,0.4426,0,1,1,1,0,9,2,3,1,7,44,41,6.3,50,100,23,2,35,4,3,0,0,12,1,9,1,5,46,45,6.68,30,107.14,30,2,26,2,4
548336,1,0.5556,0,0,1,2,1,17,6,19,1,3,48,40,9.45,76,131.03,59,4,37,2,3,1,1,15,1,10,0,7,37,46,7.15,58,138.09,20,2,44,2,3
548350,0,0.4848,0,1,1,1,1,11,8,6,1,5,55,44,7.9,71,169.04,45,2,32,2,4,1,1,14,6,4,1,6,33,41,8.21,50,138.88,45,3,48,2,5
548357,0,0.4769,1,1,1,0,0,13,4,14,2,9,35,45,7.65,36,163.63,30,2,35,1,4,1,2,14,1,16,0,4,30,35,8.25,56,127.27,36,2,42,1,4
548361,0,0.5753,0,1,1,0,0,12,2,12,2,6,57,54,6.3,33,117.85,27,2,34,1,4,0,0,11,5,13,2,6,55,56,6.99,23,135.29,19,2,38,2,4
548362,1,0.3077,0,0,1,2,1,13,9,9,0,3,34,44,8.65,57,183.87,53,3,36,2,3,0,1,14,2,4,3,9,36,45,6.9,38,165.21,31,1,46,2,4
548366,0,0.4928,1,0,1,2,1,15,6,9,1,4,43,29,9.5,71,142,67,2,47,2,4,1,0,20,7,8,2,6,40,38,9.7,65,185.71,31,2,41,2,4
548367,0,0.5694,0,1,0,1,0,12,8,14,2,6,47,48,8.55,64,213.33,47,1,39,3,3,2,1,16,7,11,3,5,52,42,8.79,81,150,52,1,54,1,5
548370,1,0.5753,0,0,1,0,0,12,3,14,2,7,57,47,7,41,95.34,27,4,32,3,2,0,0,9,3,4,1,10,54,59,5.63,27,112.5,21,2,33,1,5
548375,1,0.2857,1,0,1,0,1,12,2,7,1,4,68,45,6.8,42,140,41,2,20,4,2,0,0,1,2,10,1,8,46,47,5.1,22,91.66,17,2,35,2,4
548378,1,0.5417,1,2,1,0,1,14,6,4,1,4,40,40,8.1,40,190.47,32,2,36,3,3,0,1,14,3,14,2,8,37,46,7.2,40,121.21,28,1,48,1,4
598003,0,0.4932,1,1,0,0,0,10,1,3,2,9,77,61,4.95,25,96.15,19,1,28,1,4,0,1,14,1,3,1,2,27,29,8.1,43,153.57,31,2,31,1,4
598009,0,0.2581,1,0,1,1,1,17,1,7,0,5,44,41,7.25,54,112.5,30,2,38,1,4,1,1,11,8,6,1,3,22,47,7.92,64,120.75,32,2,41,2,4
598011,1,0.2813,1,1,0,1,3,17,8,3,0,3,39,41,9.15,62,193.75,44,3,33,2,4,0,0,11,5,5,3,8,46,49,7.1,38,146.15,24,1,63,3,4
598012,0,0.5854,0,0,1,2,1,13,4,8,1,6,52,42,8.25,64,200,58,3,41,2,4,0,2,13,4,8,2,6,49,39,8.36,38,190,34,3,40,2,4
598018,1,0.2941,0,0,0,0,0,9,2,5,4,8,67,50,5.95,37,100,30,4,34,2,3,0,0,11,1,0,2,10,43,54,5.68,22,157.14,20,3,29,1,4
598020,1,0.4937,1,0,1,1,2,19,3,9,1,4,43,38,8.45,65,130,44,3,21,2,4,0,0,5,1,4,4,10,55,53,4.74,31,110.71,17,1,42,2,4
598022,0,0.5882,1,1,0,0,0,10,4,4,1,9,44,57,5.95,25,131.57,25,1,32,3,3,0,0,9,4,6,1,6,62,44,6.46,40,78.43,36,3,36,2,4
598026,0,0.593,1,0,1,1,1,12,7,10,0,4,34,30,9.25,101,165.57,36,3,49,1,6,2,1,18,4,7,1,5,31,21,9.37,88,172.54,51,2,45,2,4
598027,1,0.2778,0,1,0,1,1,21,21,11,0,5,29,37,13.15,175,265.15,33,2,37,2,4,0,1,15,3,4,4,9,43,55,6.65,41,132.25,24,2,56,2,5
598031,0,0.481,1,0,1,0,0,15,4,5,0,6,41,43,7.45,31,147.61,28,3,35,2,3,1,2,14,7,12,2,4,38,48,8.18,51,115.9,42,2,44,3,3
598034,1,0.4875,0,1,0,1,2,20,6,3,0,3,31,27,10,95,161.01,44,1,50,2,4,1,1,20,5,20,2,4,30,38,9.3,92,150.81,32,1,50,2,4
598036,0,0.5375,0,0,0,0,0,15,5,10,1,6,32,40,8.55,34,212.5,32,2,39,1,5,1,1,16,5,5,1,6,43,36,8.72,63,153.65,41,3,42,1,5
598038,1,0.2632,1,0,1,1,2,13,5,4,2,3,58,33,8.2,63,126,45,3,26,2,4,0,0,9,4,6,4,9,42,55,6.35,35,89.74,26,1,41,1,5
598040,0,0.494,1,0,1,0,0,14,4,7,3,7,50,60,6.8,26,100,23,1,35,2,4,1,1,13,4,2,2,3,49,42,7.68,66,157.14,37,2,37,1,4
598042,1,0.2564,1,0,1,2,2,17,6,12,0,3,49,36,9.35,52,115.55,50,3,44,3,3,1,1,9,11,6,1,9,49,43,8.5,75,166.66,32,2,52,4,3
598047,0,0.5366,1,0,1,1,1,20,5,11,0,4,30,50,8.9,54,131.7,45,3,38,2,4,2,1,20,5,3,0,5,36,36,9.17,67,139.58,58,1,39,1,5
598049,0,0.5422,1,0,0,1,1,19,2,7,2,4,50,49,7.7,64,160,34,1,40,1,5,2,1,15,2,11,0,1,37,29,8.69,63,140,53,1,39,1,5
598053,1,0.2439,1,0,1,1,0,15,2,11,1,6,36,43,7.6,50,113.63,31,3,27,2,4,0,0,4,4,4,2,10,61,50,5.43,40,142.85,31,3,40,1,5
598056,1,0.4824,0,0,1,1,0,14,5,4,2,7,44,48,7.5,61,129.78,32,4,22,3,4,0,1,10,3,8,1,9,46,60,6,33,82.5,26,3,39,1,4
598057,0,0.4824,0,0,0,0,0,5,2,3,1,9,57,44,5.75,33,91.66,28,2,37,1,4,0,0,13,1,5,2,5,51,58,6,41,91.11,24,4,22,3,4
598060,0,0.5843,1,0,1,1,2,18,5,7,1,3,35,35,8.9,59,143.9,43,2,55,2,4,1,2,13,11,7,1,3,42,39,9.43,66,244.44,38,2,43,2,4
598045,0,0.4767,0,1,0,2,1,15,9,7,1,5,55,49,8.7,77,145.28,57,1,44,1,4,2,1,21,5,8,1,3,41,32,9.68,85,157.4,61,3,47,1,4
598062,1,0.4828,1,1,1,1,2,11,5,10,0,4,38,37,8.4,58,165.71,31,3,39,1,4,0,0,8,4,9,2,9,40,49,6.75,44,118.91,23,2,37,2,4
598061,1,0.4884,0,0,0,1,2,11,9,1,1,4,48,40,8.5,66,140.42,48,2,34,2,6,1,1,15,3,15,3,7,44,43,8.15,72,163.63,42,1,48,2,4
598063,1,0.5581,0,1,1,1,1,15,6,7,1,8,37,43,8.3,59,159.45,23,2,36,2,3,0,1,15,4,16,4,7,48,54,7.6,39,144.44,37,2,38,2,4
598028,1,0.4773,0,1,1,0,1,18,7,9,0,4,34,46,8.55,45,102.27,44,3,44,1,4,0,1,15,7,13,3,7,56,51,8.2,49,168.96,39,2,39,0,5
598065,1,0.5517,1,1,1,1,1,7,2,15,3,9,66,39,6.8,55,119.56,23,2,33,2,4,0,0,7,4,6,0,9,67,58,5.65,26,216.66,25,5,39,2,5
598068,1,0.6105,0,1,1,1,1,10,8,5,1,2,28,15,13.25,56,193.1,28,4,20,0,5,0,0,6,5,2,3,6,34,15,10.25,32,168.42,24,1,26,1,4
598067,1,0.4719,1,1,0,1,1,14,8,5,1,5,45,41,8.6,52,152.94,44,3,36,2,4,0,1,12,2,16,2,9,38,52,6.7,30,130.43,24,2,52,1,4
729289,0,0.4615,1,2,1,1,2,16,2,14,2,5,48,35,8.3,55,134.14,48,2,41,3,3,2,1,13,6,11,2,6,37,40,8.56,56,140,52,2,33,2,4
729305,0,0.5376,0,2,0,0,0,6,1,4,5,10,71,50,4.66,21,84,18,2,29,1,3,0,0,6,2,3,2,4,62,47,5.46,24,100,23,4,20,1,5
729313,0,0.5161,0,2,1,0,0,8,4,10,4,8,42,55,6.2,35,109.37,20,2,29,2,4,0,0,13,0,12,2,5,48,47,6.74,32,123.07,26,3,39,2,4
733973,0,0.56,1,0,0,1,1,16,6,13,2,5,47,45,8.4,59,125.53,45,2,40,1,4,0,1,15,9,6,2,5,37,47,8.86,39,114.7,35,2,34,1,5
733975,0,0.5474,0,1,1,0,0,14,4,4,1,5,42,37,7.6,42,127.27,39,1,36,2,3,1,1,12,7,4,1,3,46,40,8.43,73,146,34,2,39,1,6
733979,1,0.4681,0,1,0,0,2,12,6,7,0,6,36,37,8.5,44,125.71,37,3,33,2,4,2,1,12,5,10,0,6,36,35,8,65,125,54,2,42,2,4
733989,1,0.5567,0,0,1,0,0,15,0,12,1,9,36,43,6.7,33,165,21,4,31,2,4,0,0,6,1,10,3,10,55,56,5.14,22,66.66,16,3,28,1,5
733993,0,0.5417,0,1,0,0,1,10,5,5,1,7,35,43,7.15,39,130,35,1,13,1,4,0,0,2,2,11,2,2,0,8,10.15,13,433.33,12,2,29,2,4
733999,0,0.551,1,1,1,2,1,15,12,7,1,5,57,46,9.5,83,218.42,58,4,41,2,4,1,2,19,8,7,0,5,40,35,10.14,56,143.58,48,2,43,2,4
734019,0,0.5253,0,1,1,1,2,16,5,5,1,7,31,43,8.2,69,156.81,49,3,42,2,3,0,1,13,6,15,0,6,29,47,8.38,42,221.05,42,3,42,2,3
734033,1,0.549,0,1,1,0,2,16,6,14,1,4,32,38,8.95,40,114.28,29,3,57,2,3,0,0,9,8,7,1,8,41,43,8.15,35,269.23,31,1,39,2,4
734041,0,0.5741,0,0,1,2,1,17,9,5,1,4,53,40,9.45,74,157.44,50,2,54,1,4,1,1,19,12,7,3,5,23,22,13.29,95,215.9,30,1,43,3,3
734047,1,0.6106,0,2,1,1,2,19,13,11,0,6,26,33,11.3,122,210.34,38,2,59,3,3,1,1,17,10,16,2,7,23,37,10.1,87,348,42,2,51,2,3
829709,1,0.5283,0,0,1,0,1,10,7,21,3,7,46,49,8.1,46,139.39,33,3,36,1,5,0,0,14,3,9,2,8,34,59,6.8,37,115.62,24,3,43,2,3
829713,0,0.4953,0,1,1,1,1,23,3,6,0,6,32,37,8.85,58,126.08,41,2,40,5,2,1,0,12,12,8,1,7,44,40,9.42,96,171.42,28,1,38,1,5
829731,1,0.5,1,0,0,2,1,9,9,9,1,4,46,39,8.35,60,150,54,4,38,4,3,0,1,10,8,4,0,8,36,40,8.15,41,136.66,28,1,38,1,5
829733,0,0.5094,0,1,1,1,1,10,7,13,3,9,42,46,7.75,60,133.33,33,4,41,1,4,1,1,21,4,2,2,6,36,42,8.91,66,183.33,28,3,39,2,3
829739,0,0.514,0,1,1,0,0,13,5,13,2,8,47,51,7.3,32,114.28,31,2,33,3,3,1,1,18,2,7,2,4,38,36,8.09,60,122.44,40,2,38,3,3
829741,0,0.5182,0,1,1,1,1,16,8,10,0,6,42,36,9.55,74,137.03,45,1,41,3,4,2,1,12,10,5,1,6,45,36,9.55,65,162.5,54,2,44,3,3
829757,0,0.4911,0,1,1,0,0,8,1,8,2,10,58,54,5.18,33,113.79,27,0,30,3,3,1,1,12,4,2,0,0,36,23,9.42,62,155,35,3,24,1,4
829759,1,0.5179,0,0,1,1,0,17,3,1,2,6,31,42,7.5,58,141.46,30,3,34,1,4,0,0,7,2,7,2,9,49,41,6.5,42,127.27,22,2,39,2,4
829785,1,0.5043,0,1,1,1,2,14,18,11,0,3,24,38,11.3,117,205.26,47,4,27,1,4,0,0,8,3,9,5,10,53,44,6.43,40,190.47,13,2,50,3,3
829761,1,0.4211,1,1,1,0,0,16,6,12,1,7,36,45,8.55,42,175,32,4,32,4,2,0,1,14,7,7,0,6,47,46,7.9,40,114.28,25,2,46,4,3
829791,0,0.5175,1,0,0,0,1,11,11,9,1,5,44,40,9.15,43,195.45,39,2,56,3,3,1,1,20,8,7,1,9,29,40,9.27,51,242.85,29,4,50,4,2
829793,1,0.4174,1,0,1,1,1,9,6,4,2,4,45,39,8.15,74,160.86,22,2,39,2,5,2,1,19,4,4,1,4,38,48,7.85,63,185.29,50,2,35,3,3
829815,0,0.5691,1,1,1,0,0,8,1,6,3,10,54,49,5.65,25,104.16,19,1,38,1,4,1,1,13,3,8,0,1,43,32,8.24,51,137.83,48,3,21,2,5
829823,1,0.6077,0,2,1,2,2,16,12,6,1,5,31,40,10.1,68,151.11,50,3,39,1,4,1,1,16,6,7,1,8,48,50,8.05,57,118.75,28,2,41,3,4
980903,0,0.5128,0,0,1,0,0,8,3,12,4,10,49,66,5.54,17,170,15,1,32,1,4,0,1,15,0,11,0,1,44,42,6.98,38,92.68,35,3,24,2,4
980909,0,0.5748,0,1,1,2,1,11,8,10,1,5,41,29,9.35,64,123.07,52,1,52,3,2,1,2,17,8,10,1,4,29,38,9.8,84,155.55,41,2,43,2,4
980921,0,0.4202,0,1,1,2,2,19,7,9,1,5,30,30,9.55,79,164.58,55,2,49,2,4,2,1,22,4,14,2,3,29,32,10.01,108,211.76,54,2,50,2,4
980925,0,0.5167,0,1,1,1,0,10,2,7,1,8,53,43,6.9,56,136.58,26,2,32,3,3,1,1,18,0,8,0,4,28,30,8.21,53,189.28,34,2,28,4,3
980933,1,0.5725,0,1,0,1,1,12,5,12,1,4,43,33,8.2,60,125,49,2,30,3,3,1,1,15,4,3,1,7,34,40,7.7,65,135.41,36,2,42,2,5
980949,0,0.8333,0,1,1,2,2,15,7,7,1,3,38,27,9.75,101,187.03,53,2,41,2,4,1,2,22,3,7,0,7,25,30,9.8,63,170.27,43,1,40,2,4
980959,0,0.5161,0,1,1,2,1,18,7,4,1,7,40,37,9.25,52,162.5,52,2,51,2,4,1,1,13,9,19,2,5,41,34,9.86,60,206.89,39,2,56,2,3
980965,0,0.25,0,1,1,0,0,11,6,8,2,7,38,38,8.1,34,106.25,32,2,50,5,2,1,1,11,6,11,0,3,36,30,8.66,63,131.25,30,2,34,2,4
980967,0,0.5192,0,0,1,1,0,8,3,5,3,6,58,49,6.3,51,121.42,20,2,28,2,4,0,0,13,2,6,2,5,51,49,6.78,47,117.5,24,2,28,1,5
980981,0,0.5735,0,1,1,1,1,8,9,7,2,4,55,46,7.55,68,128.3,25,2,38,1,5,0,2,9,8,10,1,4,44,43,8.19,44,93.61,35,1,35,2,4
980989,0,0.5197,1,0,1,0,0,7,2,6,2,6,45,48,5.83,33,122.22,21,2,30,3,1,0,1,6,3,10,2,2,21,9,13.2,37,205.55,15,2,22,3,3
980993,1,0.4331,0,1,1,1,1,13,14,7,0,4,41,39,10.3,86,232.43,48,3,34,3,3,0,0,11,5,3,2,10,37,51,6.57,40,142.85,23,2,59,3,2
980995,0,0.5,0,1,1,2,2,16,6,12,1,5,36,32,9.15,51,150,50,1,39,3,3,2,2,15,10,3,0,1,28,35,9.96,75,147.05,59,2,46,2,4
980997,0,0.25,0,0,1,0,0,11,2,2,2,6,62,52,6.05,41,95.34,38,1,21,1,4,0,0,10,1,7,1,1,45,31,6.9,42,116.66,19,3,27,2,4
981001,0,0.5833,0,0,1,0,0,10,4,7,2,8,50,53,6.2,36,100,25,1,39,2,3,1,1,11,4,17,2,4,31,30,9.25,53,147.22,26,4,34,2,4
981015,1,0.5191,0,2,1,0,1,14,7,6,1,8,45,45,8.1,44,146.66,31,3,29,2,5,0,0,8,3,9,1,8,41,38,7,36,128.57,28,3,35,3,3
981019,1,0.5147,1,0,1,1,1,20,10,14,0,7,32,36,10.4,69,181.57,39,2,41,1,5,2,1,12,13,9,0,7,28,36,10,76,200,54,3,61,3,3
1082597,0,0.5674,0,0,1,1,0,14,6,9,2,7,32,35,8.9,81,172.34,32,3,47,2,3,1,1,15,9,12,0,6,37,48,9.07,50,172.41,30,3,51,2,3
1082598,0,0.4741,1,0,1,1,1,6,11,4,3,4,57,53,7.4,89,193.47,28,1,41,3,3,1,2,11,9,6,1,2,30,21,10.34,58,152.63,43,2,47,1,5
1082600,0,0.5704,0,0,1,0,1,18,3,11,0,8,43,45,7.9,49,144.11,48,3,46,2,4,0,0,16,6,4,2,6,34,39,8.51,45,125,39,3,42,2,4
1082601,0,0.5149,0,0,1,0,2,17,6,16,1,9,24,54,8.5,28,147.36,28,1,36,2,5,1,2,20,5,11,1,2,27,25,10.36,72,146.93,37,4,36,2,4
1082604,1,0.5538,0,1,0,1,1,13,7,11,2,6,45,40,8.6,68,174.35,46,2,49,3,3,0,0,16,5,7,0,6,51,48,7.75,26,86.66,26,3,41,2,4
1082606,0,0.5764,0,0,0,1,2,12,6,11,1,4,43,36,8.8,64,145.45,48,2,35,1,5,1,2,11,8,13,1,4,35,32,9.07,53,147.22,40,2,51,2,4
1082608,0,0.5221,1,1,0,0,1,19,4,3,0,7,28,35,8.4,39,156,38,2,39,1,5,2,1,13,5,11,3,6,37,33,8.52,69,140.81,59,3,53,2,4
1082610,1,0.5,0,0,1,2,2,19,11,4,0,2,41,35,10.65,77,202.63,64,3,53,3,3,1,1,10,14,8,2,7,33,39,9.6,72,163.63,39,1,57,2,4
1082615,0,0.3684,0,0,0,1,1,17,5,8,0,3,40,34,8.8,55,196.42,43,1,45,2,4,2,2,16,8,3,1,4,36,36,8.95,61,179.41,59,1,50,2,4
1082616,1,0.5,0,0,0,1,1,17,9,5,1,7,35,35,9.4,65,162.5,34,2,40,2,4,1,0,16,2,7,2,7,35,33,8.1,58,131.81,32,2,44,3,4
1082617,1,0.5035,0,1,1,0,0,14,2,8,2,10,23,53,6.71,34,200,18,3,21,0,4,0,0,8,0,7,4,10,0,39,5.06,9,128.57,8,3,33,3,3
1082622,0,0.5286,0,0,0,1,1,14,4,7,1,6,32,36,8,60,157.89,47,2,39,1,5,2,1,20,4,10,1,3,37,28,9.85,71,136.53,59,3,38,2,4
1082624,1,0.4966,0,1,0,0,1,14,4,4,1,3,42,40,7.85,45,140.62,44,3,25,2,4,1,0,6,1,4,2,9,61,57,4.8,55,114.58,8,1,35,3,3
1082633,1,0.4898,0,0,1,0,0,11,3,12,2,7,53,50,6.9,38,223.52,25,3,28,2,4,0,0,10,3,7,3,10,40,50,6.26,46,115,21,2,43,3,3
1082635,1,0.4255,0,0,1,2,2,15,11,19,0,3,34,31,10.6,66,153.48,63,3,22,2,4,0,0,5,3,3,4,10,60,49,4.82,21,140,10,1,59,1,5
1082636,0,0.5245,0,1,0,2,1,11,6,3,2,6,43,37,7.9,75,159.57,52,2,40,4,2,2,1,12,10,6,0,4,21,31,10.48,54,317.64,50,3,39,2,4
1082637,0,0.4444,0,1,1,2,2,14,7,3,1,3,41,25,9.45,104,173.33,58,2,43,2,4,1,1,17,6,6,0,4,31,24,9.76,74,189.74,39,1,48,2,4
1082640,0,0.4225,0,1,1,1,1,20,6,11,2,5,36,30,9.75,69,176.92,40,2,43,1,5,1,2,31,4,3,2,8,31,42,10.01,96,168.42,30,1,38,1,5
1082645,0,0.4815,0,0,0,0,0,5,2,3,4,10,53,54,4.61,22,110,13,1,15,4,3,0,0,5,2,1,1,1,43,25,6.5,34,100,28,3,22,1,4
1082648,0,0.5205,0,2,1,0,1,9,5,7,1,7,56,51,6.4,37,105.71,24,1,14,2,3,0,0,2,3,4,3,3,0,10,9,32,168.42,6,3,30,3,3
1082649,0,0.5806,0,2,1,0,1,8,3,7,3,10,63,55,5.68,31,124,28,2,34,2,3,0,1,13,1,8,3,4,48,33,7.65,45,150,26,4,28,2,4
1136561,0,0.6031,0,1,1,0,2,18,5,4,2,4,47,47,8.25,43,148.27,41,3,44,1,4,1,0,11,10,7,2,9,49,44,8.52,68,226.66,24,2,49,3,4
1136563,0,0.5203,0,0,1,0,1,14,10,6,1,7,36,45,8.8,44,191.3,43,3,48,2,3,1,1,15,9,13,2,6,27,41,9.39,50,263.15,35,2,33,4,3
1136573,1,0.4257,0,1,1,1,2,14,15,6,1,9,35,47,10,59,168.57,41,3,32,3,3,0,1,13,5,8,3,10,33,29,9,47,213.63,43,3,53,2,4
1136574,1,0.4837,0,1,1,2,1,18,13,17,1,6,28,48,10.65,94,180.76,65,3,55,2,4,1,0,12,7,7,2,8,33,36,8.35,92,148.38,19,2,47,2,4
1136578,0,0.4803,0,1,0,1,2,21,5,9,1,7,36,35,9.55,74,180.48,43,1,31,4,3,2,1,14,8,2,0,1,22,25,11.28,62,163.15,60,2,50,3,3
1136579,0,0.4805,0,0,1,2,2,13,10,12,2,5,54,44,8.7,85,177.08,52,1,43,3,3,1,2,14,9,4,2,4,41,26,9.77,90,230.76,30,2,40,2,4
1136580,1,0.5625,0,0,0,2,1,18,8,4,1,3,59,39,9.1,79,213.51,54,3,45,2,4,1,1,9,12,2,3,6,47,44,8.9,84,164.7,45,1,49,3,3
1136583,1,0.5741,0,0,1,0,0,13,1,12,4,10,36,53,6.32,29,138.09,29,3,23,3,3,0,0,10,1,2,3,10,54,65,4.61,34,89.47,24,2,25,2,4
1136590,1,0.4211,0,1,1,2,2,14,14,7,0,4,32,32,10.55,78,195,51,2,43,2,4,2,1,15,11,8,2,5,31,34,9.9,79,175.55,54,1,52,3,4
1136593,0,0.5192,0,0,1,0,1,17,7,7,1,5,32,39,8.85,43,172,36,1,39,3,4,1,1,20,7,12,2,4,34,41,10.18,57,158.33,45,2,51,3,3
1136595,0,0.6071,0,0,0,1,0,11,3,4,1,9,39,51,6.35,53,129.26,36,2,30,2,4,0,0,8,8,7,1,4,41,53,7.11,32,128,31,3,24,2,4
1136598,0,0.4808,0,0,1,1,0,16,1,8,2,9,39,33,7.6,51,130.76,28,1,43,2,4,1,2,13,6,3,2,4,48,42,8.3,84,155.55,31,3,37,3,3
1136602,0,0.5814,1,1,1,1,2,19,9,3,2,5,57,40,9.35,128,203.17,24,1,43,3,4,2,1,20,6,2,1,1,34,23,10.14,92,184,83,2,51,2,3
1136611,1,0.5795,0,1,1,2,1,20,12,4,2,6,39,33,10.9,69,176.92,65,1,45,2,4,2,1,16,12,5,1,3,33,34,10.2,81,192.85,62,3,70,2,3
1136619,1,0.5276,0,0,1,0,1,16,7,5,0,7,39,38,8.7,35,129.62,34,3,38,2,4,0,0,15,7,3,1,9,27,45,8,48,154.83,30,2,56,3,3
1136620,0,0.6096,0,2,1,0,1,13,9,8,1,6,41,38,8.9,47,130.55,45,1,52,2,4,1,1,16,10,6,1,2,42,37,9.78,117,205.26,32,1,46,2,4
1175360,0,0.6149,1,1,1,1,0,16,2,7,1,6,45,44,7.35,51,108.51,25,2,35,3,3,0,1,14,5,8,1,4,30,46,7.62,44,169.23,32,3,33,3,3
1175361,1,0.4724,0,1,1,2,2,14,17,5,2,4,34,40,10.9,67,134,63,2,42,3,3,2,2,19,7,6,2,4,35,41,9.5,59,147.5,58,1,47,2,4
1175362,1,0.4788,0,0,1,0,1,17,9,10,0,8,36,42,9.35,48,145.45,38,3,47,2,4,1,0,15,9,5,1,5,31,36,9.05,70,170.73,46,4,40,2,4
1175364,0,0.4695,0,0,0,1,2,20,3,7,1,7,30,34,8.8,60,153.84,32,2,43,2,4,1,3,15,7,8,0,2,41,33,9.48,71,124.56,43,2,42,2,3
1175365,0,0.4224,0,0,1,2,1,17,9,8,2,8,45,44,9.25,62,221.42,50,2,41,3,3,1,2,20,6,4,1,6,41,34,9.25,99,180,43,2,41,2,3
1178395,0,0.4207,0,1,0,0,0,8,7,5,2,8,51,41,7.45,41,124.24,32,2,36,3,3,1,1,18,3,12,1,6,31,48,8.07,67,134,28,4,46,2,3
1178410,1,0.5233,0,0,1,2,2,18,12,6,1,4,43,33,10.65,100,172.41,66,2,45,2,4,2,1,17,14,16,3,5,55,58,10.15,85,184.78,65,1,59,3,3
1178411,0,0.5143,0,0,0,1,1,11,6,9,1,5,40,42,8.05,65,138.29,34,3,31,3,3,1,1,19,3,6,1,5,33,36,8.45,59,122.91,43,2,46,2,4
1178412,0,0.4286,0,0,1,1,0,13,8,5,2,7,34,42,8.15,69,186.48,30,2,39,3,3,2,1,18,3,11,1,5,30,36,8.44,58,118.36,56,3,41,3,3
1178413,0,0.5545,0,0,0,1,1,11,8,5,2,8,25,44,7.95,51,108.51,30,1,38,3,3,2,1,10,9,6,0,1,27,19,10.73,80,186.04,67,3,37,2,3
1178415,0,0.432,0,1,1,2,1,23,3,5,1,6,34,34,9.55,105,166.66,50,2,51,2,4,2,2,19,8,1,0,4,32,31,9.98,78,216.66,54,2,41,2,4
1178417,1,0.4709,0,1,1,1,1,15,12,11,1,4,28,35,10.1,82,186.36,46,3,36,3,4,0,2,19,9,4,1,7,26,45,9.25,46,164.28,42,1,53,2,3
1178418,0,0.5141,0,1,1,1,0,14,11,10,2,6,61,51,8.75,97,194,21,3,43,3,4,0,1,18,8,5,1,7,28,45,9.15,47,151.61,34,2,50,2,4
1178421,1,0.4743,1,1,0,2,1,17,9,5,1,5,29,37,9.35,52,140.54,50,2,40,3,3,0,1,12,8,5,1,7,27,34,8.55,39,195,32,2,44,2,4
1178422,1,0.5769,0,1,1,3,3,21,15,7,0,2,36,36,11.6,80,200,76,2,57,2,3,1,2,14,14,6,2,7,46,41,9.9,91,267.64,26,1,54,2,4
1178423,1,0.4682,0,1,1,1,2,15,7,20,0,6,24,22,10.6,81,144.64,36,3,40,3,3,1,2,11,9,7,1,8,40,48,8.35,79,141.07,27,2,66,3,2
1178429,0,0.4716,0,0,1,1,0,14,9,4,1,7,30,43,8.75,70,162.79,30,3,44,2,4,2,1,16,8,9,3,6,37,34,9.2,75,159.57,65,3,46,2,4
1178430,0,0.4629,0,0,0,2,1,16,6,2,1,5,43,34,8.5,96,174.54,53,3,57,3,2,1,1,13,10,14,0,4,22,41,9.61,71,197.22,36,3,37,3,3
1181764,0,0.5784,1,1,1,0,1,10,4,5,3,4,58,49,6.55,42,113.51,37,2,33,3,2,1,1,15,1,8,2,4,44,46,7.13,71,131.48,28,2,31,3,3
1216492,0,0.6098,0,2,1,0,0,15,4,5,2,9,33,39,8.1,42,135.48,33,1,43,2,3,2,1,16,5,4,2,5,47,36,8.58,71,147.91,58,3,42,2,3
1216496,1,0.6121,0,2,1,2,1,9,17,9,1,7,35,33,10.8,74,231.25,69,3,54,2,3,1,2,9,16,5,0,6,35,34,10,72,194.59,33,3,56,2,3
1216547,1,0.582,0,2,1,3,2,17,10,10,0,3,32,36,10.05,55,229.16,54,2,53,3,2,2,1,6,16,5,2,5,47,33,10.05,99,170.68,60,2,51,2,4
1216503,1,0.4637,0,2,1,1,2,17,10,6,2,4,46,40,9.55,70,155.55,47,2,42,2,3,0,0,10,3,7,2,8,45,41,7.15,44,162.96,25,1,52,2,3
1216516,1,0.6048,1,2,1,1,1,19,2,8,1,5,45,43,8.2,51,196.15,31,2,43,3,3,1,1,14,5,11,3,5,63,49,7.85,50,142.85,47,2,37,2,4
1216515,1,0.5193,0,2,1,2,3,18,14,2,1,4,28,23,11.4,88,231.57,66,3,51,2,4,1,2,12,14,13,1,8,32,35,10.5,58,165.71,44,2,49,2,4
1216501,1,0.6036,1,2,1,1,0,14,5,10,1,10,34,36,8.35,81,158.82,17,1,32,2,4,1,1,18,3,4,1,5,33,39,7.85,50,125,30,3,47,1,4
1216529,0,0.5855,1,2,1,1,1,17,1,5,2,4,40,33,8.1,69,132.69,42,2,35,2,4,2,1,15,6,4,1,5,40,37,8.44,53,147.22,53,2,37,2,4
1216528,1,0.5304,1,2,1,0,1,12,9,5,2,6,40,44,8.35,42,110.52,41,2,37,3,4,1,0,13,2,6,2,8,46,41,7.35,57,146.15,23,2,45,2,3
1216498,1,0.5254,0,2,1,0,0,7,2,7,1,7,39,46,6.3,32,114.28,27,3,34,2,3,0,1,12,2,4,0,10,32,58,5.74,35,175,26,2,31,1,4
1216506,0,0.5932,0,2,0,1,0,12,5,2,1,6,35,37,7.65,62,206.66,29,1,39,3,3,1,2,12,3,14,0,1,32,36,8.17,62,126.53,48,3,39,2,4
1237181,0,0.5891,1,2,1,2,1,15,4,4,2,7,47,41,7.8,65,130,56,2,32,3,3,1,0,14,7,4,1,5,27,38,8.41,68,133.33,33,3,30,2,4
